{
  "by_company": {
    "HD현대미포": {
      "2020Q1": 122.1,
      "2020Q2": 501.5235294117646,
      "2020Q3": 764.6205882352941,
      "2020Q4": 1262.8166666666668,
      "2021Q1": 1976.760539215686,
      "2021Q2": 2311.6595588235296,
      "2021Q3": 3377.927352941177,
      "2021Q4": 4013.210980392157,
      "2022Q1": 4878.887058823529,
      "2022Q2": 5662.19044117647,
      "2022Q3": 4758.6642647058825,
      "2022Q4": 4805.308921568628,
      "2023Q1": 5105.949460784314,
      "2023Q2": 4751.158970588236,
      "2023Q3": 5478.39593137255,
      "2023Q4": 5768.400098039216,
      "2024Q1": 6396.396715686275,
      "2024Q2": 6847.046274509805,
      "2024Q3": 8310.254019607843,
      "2024Q4": 8435.767843137253,
      "2025Q1": 9970.783725490197,
      "2025Q2": 10320.214117647061,
      "2025Q3": 10895.433529411763,
      "2025Q4": 12701.734607843136,
      "2026Q1": 12193.781617647057,
      "2026Q2": 12860.550539215685,
      "2026Q3": 13193.065637254902,
      "2026Q4": 11232.246764705884,
      "2027Q1": 8043.360441176472,
      "2027Q2": 7338.9700980392145,
      "2027Q3": 5497.076176470588,
      "2027Q4": 3087.9220588235294,
      "2028Q1": 1944.7173529411764,
      "2028Q2": 1411.9541176470589,
      "2028Q3": 688.75,
      "2028Q4": 164.55,
      "2029Q1": 54.85
    },
    "한화오션": {
      "2021Q1": 7425.188749999999,
      "2021Q2": 7927.2787499999995,
      "2021Q3": 7791.4695833333335,
      "2021Q4": 8060.0275,
      "2022Q1": 8124.20411764706,
      "2022Q2": 8453.811176470588,
      "2022Q3": 11400.737843137254,
      "2019Q3": 1848.24375,
      "2019Q4": 3651.4687499999995,
      "2020Q1": 3651.4687499999995,
      "2020Q2": 4103.41875,
      "2020Q3": 5125.21875,
      "2020Q4": 6085.78125,
      "2022Q4": 12720.640588235294,
      "2019Q2": 946.6312499999999,
      "2023Q1": 14709.542941176469,
      "2023Q3": 17228.816176470587,
      "2023Q4": 21622.021029411764,
      "2024Q1": 21914.967352941178,
      "2024Q2": 22711.835,
      "2024Q3": 24432.476764705876,
      "2024Q4": 25375.44904411765,
      "2025Q1": 25894.29987745098,
      "2025Q2": 23907.265906862744,
      "2025Q3": 24982.64257352941,
      "2025Q4": 26604.606691176472,
      "2026Q1": 24554.899338235296,
      "2026Q2": 28588.9068872549,
      "2026Q3": 29935.384338235297,
      "2026Q4": 28121.11257352941,
      "2027Q1": 30332.173946078427,
      "2027Q2": 29055.082230392156,
      "2027Q3": 26805.341249999998,
      "2023Q2": 15604.437107843138,
      "2027Q4": 28619.657745098044,
      "2028Q1": 28636.775,
      "2028Q2": 24100.785833333335,
      "2028Q3": 19465.1125,
      "2028Q4": 11491.67416666667,
      "2029Q1": 9564.3575,
      "2029Q2": 6443.949166666666,
      "2029Q3": 2789.9624999999996,
      "2029Q4": 2999.7375,
      "2030Q1": 2606.4375,
      "2030Q2": 1662.45,
      "2030Q3": 1249.2,
      "2030Q4": 832.8,
      "2031Q1": 413.25,
      "2031Q2": 413.25,
      "2031Q3": 413.25,
      "2031Q4": 275.5
    },
    "삼성중공업": {
      "2021Q1": 5518.9574999999995,
      "2021Q2": 5867.3724999999995,
      "2021Q3": 7733.822499999999,
      "2021Q4": 8982.0525,
      "2022Q1": 11349.102499999999,
      "2022Q2": 12583.697499999998,
      "2020Q4": 3520.6099999999997,
      "2020Q2": 2293.31,
      "2020Q3": 2874.89,
      "2018Q1": 1150.9499999999998,
      "2018Q2": 1150.9499999999998,
      "2018Q3": 1150.9499999999998,
      "2018Q4": 1501.0499999999997,
      "2019Q1": 2268.35,
      "2019Q2": 2268.35,
      "2019Q3": 3251.95,
      "2019Q4": 3329.75,
      "2020Q1": 2178.8,
      "2022Q3": 13405.195000000003,
      "2022Q4": 13758.2175,
      "2023Q1": 14947.7275,
      "2023Q2": 17961.35,
      "2023Q3": 20637.78,
      "2023Q4": 22502.859999999997,
      "2024Q1": 26134.239999999998,
      "2024Q2": 26302.600245098038,
      "2024Q3": 27743.426911764705,
      "2024Q4": 25182.66470588236,
      "2025Q1": 24176.54235294118,
      "2025Q2": 20864.272549019614,
      "2025Q3": 19952.96627450981,
      "2025Q4": 21324.813235294114,
      "2026Q1": 27553.544362745102,
      "2026Q2": 35336.24323529411,
      "2026Q3": 36185.01166666667,
      "2026Q4": 38553.67352941176,
      "2027Q1": 41630.030735294116,
      "2027Q2": 33644.11779411765,
      "2027Q3": 34083.60352941176,
      "2027Q4": 30622.575784313718,
      "2028Q1": 21259.378725490194,
      "2028Q2": 17283.659264705882,
      "2028Q3": 14076.681764705883,
      "2028Q4": 8239.540392156861,
      "2029Q1": 3979.2797058823535,
      "2029Q2": 1542.0882352941176,
      "2029Q3": 1441.5,
      "2029Q4": 480.5
    },
    "HD현대중공업": {
      "2022Q4": 2008.44,
      "2023Q1": 2330.94,
      "2023Q2": 4314.1851470588235,
      "2023Q3": 6220.453529411764,
      "2023Q4": 6994.158529411766,
      "2024Q1": 10565.10044117647,
      "2021Q4": 149.51999999999998,
      "2022Q1": 448.55999999999995,
      "2022Q2": 448.55999999999995,
      "2022Q3": 623.79,
      "2024Q2": 15125.997647058826,
      "2024Q4": 17221.773088235295,
      "2025Q1": 19896.784411764707,
      "2025Q2": 24585.648088235303,
      "2025Q3": 26521.618676470596,
      "2025Q4": 28717.913970588237,
      "2026Q1": 26854.691029411766,
      "2026Q2": 28680.18720588235,
      "2026Q3": 30846.11411764706,
      "2026Q4": 33178.97294117647,
      "2024Q3": 17616.393676470587,
      "2027Q1": 37112.03161764706,
      "2027Q2": 35490.720147058826,
      "2027Q3": 38065.917499999996,
      "2027Q4": 34137.86323529411,
      "2028Q1": 34626.73500000001,
      "2028Q2": 24122.725833333334,
      "2028Q3": 21886.2125,
      "2028Q4": 14792.632500000002,
      "2029Q1": 7319.8125,
      "2029Q2": 5201.471666666666,
      "2029Q3": 3626.285,
      "2031Q4": 175.8375,
      "2032Q1": 527.5125,
      "2032Q2": 527.5125,
      "2032Q3": 761.9625,
      "2032Q4": 879.1875,
      "2033Q1": 879.1875,
      "2033Q2": 351.675,
      "2033Q3": 351.675,
      "2033Q4": 234.45000000000002,
      "2029Q4": 719.79
    }
  },
  "by_quarter": {
    "2018Q1": {
      "삼성중공업": 1150.9499999999998
    },
    "2018Q2": {
      "삼성중공업": 1150.9499999999998
    },
    "2018Q3": {
      "삼성중공업": 1150.9499999999998
    },
    "2018Q4": {
      "삼성중공업": 1501.0499999999997
    },
    "2019Q1": {
      "삼성중공업": 2268.35
    },
    "2019Q2": {
      "삼성중공업": 2268.35,
      "한화오션": 946.6312499999999
    },
    "2019Q3": {
      "한화오션": 1848.24375,
      "삼성중공업": 3251.95
    },
    "2019Q4": {
      "한화오션": 3651.4687499999995,
      "삼성중공업": 3329.75
    },
    "2020Q1": {
      "HD현대미포": 122.1,
      "한화오션": 3651.4687499999995,
      "삼성중공업": 2178.8
    },
    "2020Q2": {
      "HD현대미포": 501.5235294117646,
      "한화오션": 4103.41875,
      "삼성중공업": 2293.31
    },
    "2020Q3": {
      "HD현대미포": 764.6205882352941,
      "한화오션": 5125.21875,
      "삼성중공업": 2874.89
    },
    "2020Q4": {
      "HD현대미포": 1262.8166666666668,
      "한화오션": 6085.78125,
      "삼성중공업": 3520.6099999999997
    },
    "2021Q1": {
      "HD현대미포": 1976.760539215686,
      "한화오션": 7425.188749999999,
      "삼성중공업": 5518.9574999999995
    },
    "2021Q2": {
      "HD현대미포": 2311.6595588235296,
      "한화오션": 7927.2787499999995,
      "삼성중공업": 5867.3724999999995
    },
    "2021Q3": {
      "HD현대미포": 3377.927352941177,
      "한화오션": 7791.4695833333335,
      "삼성중공업": 7733.822499999999
    },
    "2021Q4": {
      "한화오션": 8060.0275,
      "삼성중공업": 8982.0525,
      "HD현대미포": 4013.210980392157,
      "HD현대중공업": 149.51999999999998
    },
    "2022Q1": {
      "한화오션": 8124.20411764706,
      "삼성중공업": 11349.102499999999,
      "HD현대미포": 4878.887058823529,
      "HD현대중공업": 448.55999999999995
    },
    "2022Q2": {
      "한화오션": 8453.811176470588,
      "삼성중공업": 12583.697499999998,
      "HD현대미포": 5662.19044117647,
      "HD현대중공업": 448.55999999999995
    },
    "2022Q3": {
      "한화오션": 11400.737843137254,
      "HD현대미포": 4758.6642647058825,
      "삼성중공업": 13405.195000000003,
      "HD현대중공업": 623.79
    },
    "2022Q4": {
      "HD현대미포": 4805.308921568628,
      "한화오션": 12720.640588235294,
      "삼성중공업": 13758.2175,